model,score_cv,use_quant_feats,n_estimators,max_depth,under_pct_hold,mean_gb_wasted_hold,total_over_pct_hold,score_hold,C,lr,iterations,depth,num_leaves
rf_classification,227.8177708033957,True,428.0,11.0,39.08414758640805,23.84709106782072,31.4868971723891,226.90763510442935,,,,,
logistic_regression,268.7536455853287,True,,,39.696660347090564,29.836237748997085,39.394765061358804,237.87806679681162,1.0661989102350473,,,,
catboost_classification,13076183.450066384,False,,,315616.9461863789,32.5604500968719,294794.2476426495,1872878.978574544,,0.03870061544555763,674.0,6.0,
xgboost_classification,193.87033498079262,True,238.0,6.0,40.498760390841475,22.15339355105286,29.250595922901994,231.74439787710938,,0.14207053476975756,,,
lightgbm_classification,192.50592411024746,True,455.0,6.0,40.3529240192504,22.699766525321216,29.97200842598815,231.73662852224015,,0.01963691753398408,,,62.0
