model,score_cv,use_quant_feats,n_bins,strategy,n_estimators,max_depth,solver,penalty,C,lr,num_leaves,under_pct_hold,mean_gb_wasted_hold,total_over_pct_hold,score_hold
lightgbm_classification,109.1014545494806,True,4,uniform,452.0,8.0,,,,0.05239797743361539,31.0,9.73556051158345,36.89436415038183,47.26784746084186,95.94565001875911
lr_classification,117.49933940985008,True,4,uniform,,,saga,l1,1.0532121102345982,,,8.215374812252515,40.93005625691934,52.43824362523176,93.51511768649434
rf_classification,107.33495727922154,False,5,uniform,231.0,15.0,,,,,,11.06913658914023,27.263911026151682,34.92962725464845,90.2753102003496
xgboost_classification,106.14080106733486,True,4,uniform,320.0,5.0,,,,0.0219298368129841,,10.1542942970279,36.8599883033475,47.22380625478304,97.99527773992256
