model,score_cv,use_quant_feats,n_bins,strategy,solver,penalty,C,under_pct_hold,mean_gb_wasted_hold,total_over_pct_hold,score_hold,n_estimators,max_depth,lr,num_leaves
lightgbm_classification,157.26144294415568,False,12,uniform,,,,32.04025083855914,19.121855662761597,25.247855232586353,185.44910942538203,720.0,8.0,0.011900590783184251,51.0
lr_classification,191.76597300515388,False,12,uniform,saga,l2,8.123245085588687,32.24442175878664,20.221488306469173,26.699773199492782,187.92188199342598,,,,
rf_classification,161.21127503309555,False,12,uniform,,,,31.296485343444655,18.34051980370072,24.216205637196165,180.69863235441943,229.0,14.0,,
xgboost_classification,156.25166714724278,False,12,uniform,,,,32.215254484468424,19.22402105599846,25.382750982440164,186.4590234047823,720.0,8.0,0.011900590783184251,
