model,score_cv,use_quant_feats,n_bins,strategy,solver,penalty,C,under_pct_hold,mean_gb_wasted_hold,total_over_pct_hold,score_hold,n_estimators,max_depth,lr,num_leaves
lightgbm_classification,106.72237955182908,True,3,kmeans,,,,9.489781985344315,39.9338424011339,51.16192715636111,98.61083708308269,507.0,5.0,0.0323256659728625,59.0
lr_classification,118.20374429407383,False,4,uniform,saga,l2,0.3444577682156031,8.502260463759661,55.73628027160609,73.59231030285567,116.10361262165398,,,,
rf_classification,107.27470403488284,False,5,uniform,,,,11.214783123207864,27.15502253549729,34.790122897139696,90.86403851317904,449.0,13.0,,
xgboost_classification,104.89144613891918,False,5,uniform,,,,11.27395202767284,27.88091970204732,35.720118502996726,92.08987864136094,216.0,7.0,0.0222466408017486,
