model,score_cv,use_quant_feats,n_bins,strategy,solver,penalty,C,under_pct_hold,mean_gb_wasted_hold,total_over_pct_hold,score_hold,n_estimators,max_depth,lr,num_leaves
lightgbm_classification,106.72237955182908,True,3,kmeans,,,,9.489781985344317,39.9338424011339,51.16192715636111,98.61083708308269,507.0,5.0,0.03232566597286254,59.0
lr_classification,118.20374429407383,False,4,uniform,saga,l2,0.3444577682156031,8.48846206362933,40.797878734556846,52.26890212528569,94.71121244343234,,,,
rf_classification,107.27470403488284,False,5,uniform,,,,11.214783123207864,27.15502253549729,34.790122897139696,90.86403851317903,449.0,13.0,,
xgboost_classification,104.89144613891918,False,5,uniform,,,,11.273952027672841,27.88091970204732,35.720118502996726,92.08987864136094,216.0,7.0,0.022246640801748686,
