model,score_cv,avg_pred_time,use_quant_feats,confidence_threshold,n_bins,strategy,n_estimators,max_depth,under_pct_hold,mean_gb_wasted_hold,total_over_pct_hold,score_hold,num_leaves,learning_rate,C,solver,penalty,l1_ratio
lightgbm_classification,81.98049575035469,0.00012123099142134224,False,0.75,8,uniform,557.0,4.0,9.471576168585862,30.812151822778613,39.47551681235105,86.83339765528036,35.0,0.018201770147320374,,,,
lr_classification,84.76463561932833,1.830921430927638e-06,False,0.763819082147175,8,uniform,,,2.316690182513313,51.35576975042312,65.79532529420199,77.37877620676855,,,0.05513263927897217,saga,l1,0.8990733841860649
rf_classification,82.54288929818611,1.7538713522305947e-05,False,0.6763536770741627,8,uniform,261.0,10.0,5.106731600746438,39.25501603601865,50.2922371151429,75.8258951188751,,,,,,
xgboost_classification,91.23444219035636,2.702759066513969e-05,True,0.7,9,uniform,412.0,4.0,12.079559419234446,25.27507038047102,32.38158994789946,92.77938704407168,,0.059942965948376524,,,,