model,score_cv,avg_pred_time,use_quant_feats,confidence_threshold,n_bins,strategy,n_estimators,max_depth,under_pct_hold,mean_gb_wasted_hold,total_over_pct_hold,score_hold,num_leaves,learning_rate,C,solver,penalty,l1_ratio
lightgbm_classification,81.5260655599848,0.0001260737718239,,0.731498265357654,8,uniform,420.0,4.0,9.944927404305677,30.345240188607487,38.87732496354358,88.60196198507195,47.0,0.0153247909103723,,,,
lr_classification,84.41289537547866,1.3653372910909196e-06,,0.8973888522269765,8,uniform,,,2.029948568567657,52.18451246534447,66.85708323841041,77.0068260812487,,,0.1061331044878763,saga,l1,0.6935989536662446
rf_classification,81.92069549627274,1.1489711555035438e-05,,0.7461069448068685,8,uniform,217.0,9.0,2.676255063492786,48.00800176153174,61.506274912734185,74.88755023019812,,,,,,
xgboost_classification,81.20948842550959,3.1518055014419085e-05,,0.6736342204241087,8,uniform,433.0,4.0,11.724545992444586,28.831556254669,36.93804282815567,95.5607727903786,,0.0110120927616541,,,,
