model,score_cv,use_quant_feats,n_bins,strategy,solver,penalty,C,under_pct_hold,mean_gb_wasted_hold,total_over_pct_hold,score_hold,n_estimators,max_depth,lr,num_leaves,learning_rate,confidence_threshold
lightgbm_classification,90.93533039050678,True,7,uniform,,,,21.087939332069418,31.225212488738897,41.22872060255736,146.66841726290446,441.0,4.0,,60.0,0.01212760189650826,0.8999999999999999
lr_classification,118.20374429407384,False,4,uniform,saga,l2,0.3444577682156031,8.48846206362933,40.797878734556846,52.26890212528569,94.71121244343234,,,,,,
rf_classification,89.34446357596724,False,7,uniform,,,,10.646055126148461,41.93873306697536,55.37449292513664,108.60476855587895,310.0,11.0,,,,0.85
xgboost_classification,93.05931634623003,True,7,uniform,,,,20.54834475718244,31.047316364741405,40.99383254230106,143.73555632821325,309.0,6.0,,,0.01939751592024295,0.95
