model,score_cv,use_quant_feats,alpha,n_estimators,num_leaves,learning_rate,under_pct_hold,mean_gb_wasted_hold,total_over_pct_hold,score_hold,max_depth,safety,gb_n_estimators,gb_max_depth,gb_lr,xgb_n_estimators,xgb_max_depth,xgb_lr
lightgbm_regression,69.235236719078,False,0.98,139.0,27.0,0.09846735905333964,49.66091666287379,7.281270885524882,9.328525086791531,257.6331084011605,,,,,,,,
qe_regression,66.41457273528195,True,0.95,,,,3.513722634381685,32.68672850948667,41.87716288815284,59.44577606006126,,1.0433684328116701,487.0,9.0,0.0414899757292082,637.0,4.0,0.06799234025497858
xgboost_regression,69.09770802622795,False,0.98,605.0,,0.0495800643912626,49.25128578580856,7.104412461872403,9.101939883769845,255.35836881281267,5.0,,,,,,,
