model,score_cv,use_quant_feats,alpha,n_estimators,num_leaves,learning_rate,under_pct_hold,mean_gb_wasted_hold,total_over_pct_hold,score_hold,max_depth,safety,gb_n_estimators,gb_max_depth,gb_lr,xgb_n_estimators,xgb_max_depth,xgb_lr
lightgbm_regression,101.99493537280372,False,0.9,134.0,55.0,0.06054365855469249,49.33644450926061,10.657070231537864,14.071237182977168,260.7534597292802,,,,,,,,
qe_regression,93.89612615558883,False,0.9,,,,14.029458947061396,28.490572496384168,37.61799391065627,107.76528864596325,,1.0087125418252298,633.0,7.0,0.06803900745073703,210.0,9.0,0.09528587217040241
xgboost_regression,117.52995303786057,False,0.9,234.0,,0.06054365855469249,48.30100627096398,11.044750988579047,14.583117818563016,256.08814917338293,10.0,,,,,,,
