model,score_cv,use_quant_feats,alpha,n_estimators,num_leaves,learning_rate,under_pct_hold,mean_gb_wasted_hold,total_over_pct_hold,score_hold,max_depth,safety,gb_n_estimators,gb_max_depth,gb_lr,xgb_n_estimators,xgb_max_depth,xgb_lr,lgb_n_estimators,lgb_num_leaves,lgb_lr,cat_iterations,cat_depth,cat_lr
gb_lgb_ensemble,102.42795986621402,False,0.9,,,,13.621117106606388,28.823534465796076,38.057625699010366,106.1632112320423,,1.0087125418252298,633.0,7.0,0.06803900745073706,,,,210.0,98.0,0.09528587217040241,,,
lgb_cat_ensemble,99.89885050731573,False,0.9,,,,14.058626221379612,28.314632712161576,37.38568893565558,107.67882004255364,,1.0087125418252298,,,,,,,633.0,66.0,0.06803900745073706,210.0,9.0,0.09528587217040241
lgb_xgb_ensemble,113.73046912948485,False,0.9,,,,14.394049876039084,28.258979799875473,37.312206701637486,109.28245608183289,,1.0087125418252298,,,,210.0,9.0,0.09528587217040241,633.0,66.0,0.06803900745073706,,,
lightgbm_regression,69.235236719078,False,0.98,139.0,27.0,0.0984673590533396,49.66091666287379,7.281270885524882,9.328525086791531,257.6331084011605,,,,,,,,,,,,,,
qe_regression,66.41457273528195,True,0.95,,,,3.513722634381685,32.68672850948667,41.87716288815284,59.44577606006126,,1.04336843281167,487.0,9.0,0.0414899757292082,637.0,4.0,0.0679923402549785,,,,,,
xgb_cat_ensemble,99.55377877863728,False,0.9,,,,13.927373486947644,28.88838924816807,38.14325777287115,107.78012520760937,,1.0087125418252298,,,,633.0,7.0,0.06803900745073706,,,,210.0,9.0,0.09528587217040241
xgboost_regression,69.09770802622795,False,0.98,605.0,,0.0495800643912626,49.25128578580856,7.104412461872403,9.101939883769845,255.35836881281267,5.0,,,,,,,,,,,,,
