model,score_cv,use_quant_feats,alpha,safety,conservative_quantile,conservative_n_estimators,conservative_max_depth,conservative_lr,aggressive_quantile,aggressive_n_estimators,aggressive_max_depth,aggressive_lr,under_pct_hold,mean_gb_wasted_hold,total_over_pct_hold,score_hold
xgb_xgb_ensemble,73.07384845495147,True,0.95,1.05,0.98,200,8,0.03,0.9,500,5,0.08,1.2926129898502572,42.62517088163068,54.609968802088304,61.07303375133959
xgb_xgb_max_ensemble,66.41913378247067,False,0.99,1.0580103019450806,0.95,134,12,0.07539444583132282,0.95,578,5,0.04746630999445804,3.131400482454144,33.52589088909769,42.95227016450144,58.60927257677216
xgb_xgb_weighted_ensemble,66.48186774960877,False,0.99,1.0580103019450806,0.95,134,12,0.07539444583132282,0.95,578,5,0.04746630999445804,3.3817304628828913,33.00400120181764,42.28364223994391,59.19229455435837
